RA,DEC,CLASS,PROB,URL
7.25411,-1.22827,C,0.999922,https://skyview.gsfc.nasa.gov/cgi-bin/images?position=7.254110000000001%2C-1.22827&survey=first&pixels=300%2C300&sampler=LI&size=0.10000000000000002%2C0.10000000000000002&projection=Tan&coordinates=J2000.0&requestID=skv1551873587803&return=FITS
9.87718,-10.5385,I,0.996479,https://skyview.gsfc.nasa.gov/cgi-bin/images?position=9.877180000000001%2C-10.53852&survey=first&pixels=300%2C300&sampler=LI&size=0.10000000000000002%2C0.10000000000000002&projection=Tan&coordinates=J2000.0&requestID=skv1551873598908&return=FITS
10.451,-9.28422,I,0.999994,https://skyview.gsfc.nasa.gov/cgi-bin/images?position=10.45095%2C-9.28422&survey=first&pixels=300%2C300&sampler=LI&size=0.10000000000000002%2C0.10000000000000002&projection=Tan&coordinates=J2000.0&requestID=skv1551873614202&return=FITS
10.7526,-9.22954,I,0.967221,https://skyview.gsfc.nasa.gov/cgi-bin/images?position=10.75264%2C-9.22954&survey=first&pixels=300%2C300&sampler=LI&size=0.10000000000000002%2C0.10000000000000002&projection=Tan&coordinates=J2000.0&requestID=skv1551873633241&return=FITS
11.3769,-0.79636,II,0.999503,https://skyview.gsfc.nasa.gov/cgi-bin/images?position=11.37693%2C-0.7963600000000001&survey=first&pixels=300%2C300&sampler=LI&size=0.10000000000000002%2C0.10000000000000002&projection=Tan&coordinates=J2000.0&requestID=skv1551873651763&return=FITS
18.2296,-9.84463,I,0.999998,https://skyview.gsfc.nasa.gov/cgi-bin/images?position=18.22965%2C-9.84463&survey=first&pixels=300%2C300&sampler=LI&size=0.10000000000000002%2C0.10000000000000002&projection=Tan&coordinates=J2000.0&requestID=skv1551873666131&return=FITS
23.3635,-8.40461,I,0.999986,https://skyview.gsfc.nasa.gov/cgi-bin/images?position=23.36354%2C-8.40461&survey=first&pixels=300%2C300&sampler=LI&size=0.10000000000000002%2C0.10000000000000002&projection=Tan&coordinates=J2000.0&requestID=skv1551873685640&return=FITS
23.5532,-1.12486,I,0.999237,https://skyview.gsfc.nasa.gov/cgi-bin/images?position=23.55325%2C-1.12486&survey=first&pixels=300%2C300&sampler=LI&size=0.10000000000000002%2C0.10000000000000002&projection=Tan&coordinates=J2000.0&requestID=skv1551873699778&return=FITS
23.7643,-0.90767,I,0.999931,https://skyview.gsfc.nasa.gov/cgi-bin/images?position=23.764310000000002%2C-0.9076700000000001&survey=first&pixels=300%2C300&sampler=LI&size=0.10000000000000002%2C0.10000000000000002&projection=Tan&coordinates=J2000.0&requestID=skv1551873713863&return=FITS
28.2241,-0.16821,I,0.998369,https://skyview.gsfc.nasa.gov/cgi-bin/images?position=28.224140000000002%2C-0.16821&survey=first&pixels=300%2C300&sampler=LI&size=0.10000000000000002%2C0.10000000000000002&projection=Tan&coordinates=J2000.0&requestID=skv1551873732300&return=FITS
43.1147,-7.93485,I,0.999997,https://skyview.gsfc.nasa.gov/cgi-bin/images?position=43.1147%2C-7.93485&survey=first&pixels=300%2C300&sampler=LI&size=0.10000000000000002%2C0.10000000000000002&projection=Tan&coordinates=J2000.0&requestID=skv1551873753474&return=FITS
43.6583,0.93942,I,0.999999,https://skyview.gsfc.nasa.gov/cgi-bin/images?position=43.65829%2C0.93942&survey=first&pixels=300%2C300&sampler=LI&size=0.10000000000000002%2C0.10000000000000002&projection=Tan&coordinates=J2000.0&requestID=skv1551873769088&return=FITS
112.56,39.5335,II,0.99971,https://skyview.gsfc.nasa.gov/cgi-bin/images?position=112.55994%2C39.53346&survey=first&pixels=300%2C300&sampler=LI&size=0.10000000000000002%2C0.10000000000000002&projection=Tan&coordinates=J2000.0&requestID=skv1551873789632&return=FITS
113.772,41.9743,I,1,https://skyview.gsfc.nasa.gov/cgi-bin/images?position=113.77191%2C41.97432&survey=first&pixels=300%2C300&sampler=LI&size=0.10000000000000002%2C0.10000000000000002&projection=Tan&coordinates=J2000.0&requestID=skv1551873804839&return=FITS
115.358,48.154,I,1,https://skyview.gsfc.nasa.gov/cgi-bin/images?position=115.35771000000001%2C48.153999999999996&survey=first&pixels=300%2C300&sampler=LI&size=0.10000000000000002%2C0.10000000000000002&projection=Tan&coordinates=J2000.0&requestID=skv1551873823681&return=FITS
115.964,28.3578,I,0.857762,https://skyview.gsfc.nasa.gov/cgi-bin/images?position=115.96356000000002%2C28.357779999999998&survey=first&pixels=300%2C300&sampler=LI&size=0.10000000000000002%2C0.10000000000000002&projection=Tan&coordinates=J2000.0&requestID=skv1551873845903&return=FITS
118.291,35.9325,I,0.999941,https://skyview.gsfc.nasa.gov/cgi-bin/images?position=118.29133%2C35.93253&survey=first&pixels=300%2C300&sampler=LI&size=0.10000000000000002%2C0.10000000000000002&projection=Tan&coordinates=J2000.0&requestID=skv1551873860906&return=FITS
118.778,26.3544,I,1,https://skyview.gsfc.nasa.gov/cgi-bin/images?position=118.77781%2C26.354429999999997&survey=first&pixels=300%2C300&sampler=LI&size=0.10000000000000002%2C0.10000000000000002&projection=Tan&coordinates=J2000.0&requestID=skv1551873880165&return=FITS
120.305,34.6752,II,0.996955,https://skyview.gsfc.nasa.gov/cgi-bin/images?position=120.30533%2C34.67524&survey=first&pixels=300%2C300&sampler=LI&size=0.10000000000000002%2C0.10000000000000002&projection=Tan&coordinates=J2000.0&requestID=skv1551873892310&return=FITS
120.861,30.6236,C,0.999998,https://skyview.gsfc.nasa.gov/cgi-bin/images?position=120.86093999999999%2C30.6236&survey=first&pixels=300%2C300&sampler=LI&size=0.10000000000000002%2C0.10000000000000002&projection=Tan&coordinates=J2000.0&requestID=skv1551873905190&return=FITS
122.346,21.2629,C,1,https://skyview.gsfc.nasa.gov/cgi-bin/images?position=122.34626999999999%2C21.26286&survey=first&pixels=300%2C300&sampler=LI&size=0.10000000000000002%2C0.10000000000000002&projection=Tan&coordinates=J2000.0&requestID=skv1551873924188&return=FITS
123.847,11.9542,I,0.998412,https://skyview.gsfc.nasa.gov/cgi-bin/images?position=123.84674%2C11.95421&survey=first&pixels=300%2C300&sampler=LI&size=0.10000000000000002%2C0.10000000000000002&projection=Tan&coordinates=J2000.0&requestID=skv1551873940748&return=FITS
124.018,11.4137,I,0.998048,https://skyview.gsfc.nasa.gov/cgi-bin/images?position=124.01835%2C11.413730000000001&survey=first&pixels=300%2C300&sampler=LI&size=0.10000000000000002%2C0.10000000000000002&projection=Tan&coordinates=J2000.0&requestID=skv1551873952733&return=FITS
124.059,42.9494,I,0.999998,https://skyview.gsfc.nasa.gov/cgi-bin/images?position=124.05945%2C42.94935&survey=first&pixels=300%2C300&sampler=LI&size=0.10000000000000002%2C0.10000000000000002&projection=Tan&coordinates=J2000.0&requestID=skv1551873967529&return=FITS
124.707,4.10876,I,0.852312,https://skyview.gsfc.nasa.gov/cgi-bin/images?position=124.70727%2C4.10876&survey=first&pixels=300%2C300&sampler=LI&size=0.10000000000000002%2C0.10000000000000002&projection=Tan&coordinates=J2000.0&requestID=skv1551873987910&return=FITS
124.886,20.1302,II,0.967706,https://skyview.gsfc.nasa.gov/cgi-bin/images?position=124.8861%2C20.130229999999997&survey=first&pixels=300%2C300&sampler=LI&size=0.10000000000000002%2C0.10000000000000002&projection=Tan&coordinates=J2000.0&requestID=skv1551874002672&return=FITS
125.105,16.0231,I,0.999932,https://skyview.gsfc.nasa.gov/cgi-bin/images?position=125.10478%2C16.023120000000002&survey=first&pixels=300%2C300&sampler=LI&size=0.10000000000000002%2C0.10000000000000002&projection=Tan&coordinates=J2000.0&requestID=skv1551874017192&return=FITS
125.117,48.8965,I,0.935573,https://skyview.gsfc.nasa.gov/cgi-bin/images?position=125.11708999999999%2C48.89648&survey=first&pixels=300%2C300&sampler=LI&size=0.10000000000000002%2C0.10000000000000002&projection=Tan&coordinates=J2000.0&requestID=skv1551874031714&return=FITS
126.516,47.3195,I,0.995053,https://skyview.gsfc.nasa.gov/cgi-bin/images?position=126.51588999999998%2C47.31953&survey=first&pixels=300%2C300&sampler=LI&size=0.10000000000000002%2C0.10000000000000002&projection=Tan&coordinates=J2000.0&requestID=skv1551874046267&return=FITS
126.874,53.126,I,0.915607,https://skyview.gsfc.nasa.gov/cgi-bin/images?position=126.87387%2C53.12595&survey=first&pixels=300%2C300&sampler=LI&size=0.10000000000000002%2C0.10000000000000002&projection=Tan&coordinates=J2000.0&requestID=skv1551874058405&return=FITS
126.89,16.0149,I,0.999666,https://skyview.gsfc.nasa.gov/cgi-bin/images?position=126.89012%2C16.01493&survey=first&pixels=300%2C300&sampler=LI&size=0.10000000000000002%2C0.10000000000000002&projection=Tan&coordinates=J2000.0&requestID=skv1551874077085&return=FITS
127.36,22.7434,I,0.999974,https://skyview.gsfc.nasa.gov/cgi-bin/images?position=127.36028999999999%2C22.74342&survey=first&pixels=300%2C300&sampler=LI&size=0.10000000000000002%2C0.10000000000000002&projection=Tan&coordinates=J2000.0&requestID=skv1551874090848&return=FITS
127.912,22.5731,I,0.988314,https://skyview.gsfc.nasa.gov/cgi-bin/images?position=127.91183000000001%2C22.57306&survey=first&pixels=300%2C300&sampler=LI&size=0.10000000000000002%2C0.10000000000000002&projection=Tan&coordinates=J2000.0&requestID=skv1551874114891&return=FITS
127.999,30.6585,I,0.76169,https://skyview.gsfc.nasa.gov/cgi-bin/images?position=127.99873999999998%2C30.658490000000004&survey=first&pixels=300%2C300&sampler=LI&size=0.10000000000000002%2C0.10000000000000002&projection=Tan&coordinates=J2000.0&requestID=skv1551874130378&return=FITS
128.101,16.8303,II,0.999995,https://skyview.gsfc.nasa.gov/cgi-bin/images?position=128.10056%2C16.83033&survey=first&pixels=300%2C300&sampler=LI&size=0.10000000000000002%2C0.10000000000000002&projection=Tan&coordinates=J2000.0&requestID=skv1551874144835&return=FITS
130.419,25.8078,I,0.999916,https://skyview.gsfc.nasa.gov/cgi-bin/images?position=130.41906%2C25.80779&survey=first&pixels=300%2C300&sampler=LI&size=0.10000000000000002%2C0.10000000000000002&projection=Tan&coordinates=J2000.0&requestID=skv1551874162300&return=FITS
130.499,50.0977,C,1,https://skyview.gsfc.nasa.gov/cgi-bin/images?position=130.4986%2C50.09767&survey=first&pixels=300%2C300&sampler=LI&size=0.10000000000000002%2C0.10000000000000002&projection=Tan&coordinates=J2000.0&requestID=skv1551874180998&return=FITS
133.34,33.275,I,0.999997,https://skyview.gsfc.nasa.gov/cgi-bin/images?position=133.33978000000002%2C33.27499&survey=first&pixels=300%2C300&sampler=LI&size=0.10000000000000002%2C0.10000000000000002&projection=Tan&coordinates=J2000.0&requestID=skv1551874193545&return=FITS
134.331,24.1952,II,0.961254,https://skyview.gsfc.nasa.gov/cgi-bin/images?position=134.33112%2C24.19517&survey=first&pixels=300%2C300&sampler=LI&size=0.10000000000000002%2C0.10000000000000002&projection=Tan&coordinates=J2000.0&requestID=skv1551874212080&return=FITS
135.076,7.75987,I,1,https://skyview.gsfc.nasa.gov/cgi-bin/images?position=135.07568%2C7.759869999999999&survey=first&pixels=300%2C300&sampler=LI&size=0.10000000000000002%2C0.10000000000000002&projection=Tan&coordinates=J2000.0&requestID=skv1551874231367&return=FITS
135.689,16.7862,I,0.987507,https://skyview.gsfc.nasa.gov/cgi-bin/images?position=135.68932%2C16.78623&survey=first&pixels=300%2C300&sampler=LI&size=0.10000000000000002%2C0.10000000000000002&projection=Tan&coordinates=J2000.0&requestID=skv1551874249679&return=FITS
136.431,40.2847,I,0.9981,https://skyview.gsfc.nasa.gov/cgi-bin/images?position=136.43142%2C40.28468&survey=first&pixels=300%2C300&sampler=LI&size=0.10000000000000002%2C0.10000000000000002&projection=Tan&coordinates=J2000.0&requestID=skv1551874265587&return=FITS
138.675,15.3655,I,0.999892,https://skyview.gsfc.nasa.gov/cgi-bin/images?position=138.67511000000002%2C15.36551&survey=first&pixels=300%2C300&sampler=LI&size=0.10000000000000002%2C0.10000000000000002&projection=Tan&coordinates=J2000.0&requestID=skv1551874280154&return=FITS
140.204,40.6647,I,0.977949,https://skyview.gsfc.nasa.gov/cgi-bin/images?position=140.204374%2C40.664684&survey=first&pixels=300%2C300&sampler=LI&size=0.10000000000000002%2C0.10000000000000002&projection=Tan&coordinates=J2000.0&requestID=skv1551874298350&return=FITS
142.396,62.9498,I,0.999366,https://skyview.gsfc.nasa.gov/cgi-bin/images?position=142.3959%2C62.94984&survey=first&pixels=300%2C300&sampler=LI&size=0.10000000000000002%2C0.10000000000000002&projection=Tan&coordinates=J2000.0&requestID=skv1551874316636&return=FITS
142.745,3.80771,I,1,https://skyview.gsfc.nasa.gov/cgi-bin/images?position=142.74475%2C3.8077099999999997&survey=first&pixels=300%2C300&sampler=LI&size=0.10000000000000002%2C0.10000000000000002&projection=Tan&coordinates=J2000.0&requestID=skv1551874334915&return=FITS
143.272,29.1709,I,0.999936,https://skyview.gsfc.nasa.gov/cgi-bin/images?position=143.27196999999998%2C29.17087&survey=first&pixels=300%2C300&sampler=LI&size=0.10000000000000002%2C0.10000000000000002&projection=Tan&coordinates=J2000.0&requestID=skv1551874356262&return=FITS
145.509,10.9718,I,0.997645,https://skyview.gsfc.nasa.gov/cgi-bin/images?position=145.50852%2C10.97176&survey=first&pixels=300%2C300&sampler=LI&size=0.10000000000000002%2C0.10000000000000002&projection=Tan&coordinates=J2000.0&requestID=skv1551874374240&return=FITS
145.887,33.6995,I,0.991016,https://skyview.gsfc.nasa.gov/cgi-bin/images?position=145.8875%2C33.69954&survey=first&pixels=300%2C300&sampler=LI&size=0.10000000000000002%2C0.10000000000000002&projection=Tan&coordinates=J2000.0&requestID=skv1551874386998&return=FITS
146.56,58.3271,I,0.999872,https://skyview.gsfc.nasa.gov/cgi-bin/images?position=146.56044%2C58.327119999999994&survey=first&pixels=300%2C300&sampler=LI&size=0.10000000000000002%2C0.10000000000000002&projection=Tan&coordinates=J2000.0&requestID=skv1551874408418&return=FITS
148.866,3.75467,I,1,https://skyview.gsfc.nasa.gov/cgi-bin/images?position=148.86569%2C3.7546699999999995&survey=first&pixels=300%2C300&sampler=LI&size=0.10000000000000002%2C0.10000000000000002&projection=Tan&coordinates=J2000.0&requestID=skv1551874421211&return=FITS
151.216,54.5679,I,0.999999,https://skyview.gsfc.nasa.gov/cgi-bin/images?position=151.21596%2C54.56788&survey=first&pixels=300%2C300&sampler=LI&size=0.10000000000000002%2C0.10000000000000002&projection=Tan&coordinates=J2000.0&requestID=skv1551874440955&return=FITS
151.988,28.03,II,0.999883,https://skyview.gsfc.nasa.gov/cgi-bin/images?position=151.98779%2C28.03&survey=first&pixels=300%2C300&sampler=LI&size=0.10000000000000002%2C0.10000000000000002&projection=Tan&coordinates=J2000.0&requestID=skv1551874467253&return=FITS
152.017,50.4452,I,1,https://skyview.gsfc.nasa.gov/cgi-bin/images?position=152.01723%2C50.44522&survey=first&pixels=300%2C300&sampler=LI&size=0.10000000000000002%2C0.10000000000000002&projection=Tan&coordinates=J2000.0&requestID=skv1551874481813&return=FITS
152.81,19.2405,C,0.877625,https://skyview.gsfc.nasa.gov/cgi-bin/images?position=152.80993999999998%2C19.240489999999998&survey=first&pixels=300%2C300&sampler=LI&size=0.10000000000000002%2C0.10000000000000002&projection=Tan&coordinates=J2000.0&requestID=skv1551874493803&return=FITS
153.939,31.2501,I,0.771758,https://skyview.gsfc.nasa.gov/cgi-bin/images?position=153.93943000000002%2C31.25007&survey=first&pixels=300%2C300&sampler=LI&size=0.10000000000000002%2C0.10000000000000002&projection=Tan&coordinates=J2000.0&requestID=skv1551874509787&return=FITS
154.908,0.33215,II,0.827702,https://skyview.gsfc.nasa.gov/cgi-bin/images?position=154.90808%2C0.33215&survey=first&pixels=300%2C300&sampler=LI&size=0.10000000000000002%2C0.10000000000000002&projection=Tan&coordinates=J2000.0&requestID=skv1551874525503&return=FITS
155.036,17.8049,I,0.999965,https://skyview.gsfc.nasa.gov/cgi-bin/images?position=155.0359%2C17.80486&survey=first&pixels=300%2C300&sampler=LI&size=0.10000000000000002%2C0.10000000000000002&projection=Tan&coordinates=J2000.0&requestID=skv1551874545890&return=FITS
155.809,48.5228,I,0.54045,https://skyview.gsfc.nasa.gov/cgi-bin/images?position=155.80934%2C48.52278&survey=first&pixels=300%2C300&sampler=LI&size=0.10000000000000002%2C0.10000000000000002&projection=Tan&coordinates=J2000.0&requestID=skv1551874564884&return=FITS
156.516,39.09,I,1,https://skyview.gsfc.nasa.gov/cgi-bin/images?position=156.51596999999998%2C39.09001&survey=first&pixels=300%2C300&sampler=LI&size=0.10000000000000002%2C0.10000000000000002&projection=Tan&coordinates=J2000.0&requestID=skv1551874592664&return=FITS
156.766,38.337,I,0.999996,https://skyview.gsfc.nasa.gov/cgi-bin/images?position=156.76598%2C38.33697&survey=first&pixels=300%2C300&sampler=LI&size=0.10000000000000002%2C0.10000000000000002&projection=Tan&coordinates=J2000.0&requestID=skv1551874612750&return=FITS
157.651,35.9166,I,1,https://skyview.gsfc.nasa.gov/cgi-bin/images?position=157.65067%2C35.91662&survey=first&pixels=300%2C300&sampler=LI&size=0.10000000000000002%2C0.10000000000000002&projection=Tan&coordinates=J2000.0&requestID=skv1551874625771&return=FITS
157.861,11.8807,C,0.839558,https://skyview.gsfc.nasa.gov/cgi-bin/images?position=157.86085%2C11.88071&survey=first&pixels=300%2C300&sampler=LI&size=0.10000000000000002%2C0.10000000000000002&projection=Tan&coordinates=J2000.0&requestID=skv1551874638984&return=FITS
158.245,56.7481,I,1,https://skyview.gsfc.nasa.gov/cgi-bin/images?position=158.245359%2C56.748129000000006&survey=first&pixels=300%2C300&sampler=LI&size=0.10000000000000002%2C0.10000000000000002&projection=Tan&coordinates=J2000.0&requestID=skv1551874652743&return=FITS
159.613,41.8147,I,0.968558,https://skyview.gsfc.nasa.gov/cgi-bin/images?position=159.61256%2C41.8147&survey=first&pixels=300%2C300&sampler=LI&size=0.10000000000000002%2C0.10000000000000002&projection=Tan&coordinates=J2000.0&requestID=skv1551874667836&return=FITS
159.877,39.7886,I,1,https://skyview.gsfc.nasa.gov/cgi-bin/images?position=159.87683%2C39.78861&survey=first&pixels=300%2C300&sampler=LI&size=0.10000000000000002%2C0.10000000000000002&projection=Tan&coordinates=J2000.0&requestID=skv1551874682499&return=FITS
160.189,39.9135,I,1,https://skyview.gsfc.nasa.gov/cgi-bin/images?position=160.18896%2C39.91349&survey=first&pixels=300%2C300&sampler=LI&size=0.10000000000000002%2C0.10000000000000002&projection=Tan&coordinates=J2000.0&requestID=skv1551874697422&return=FITS
160.639,36.6629,I,1,https://skyview.gsfc.nasa.gov/cgi-bin/images?position=160.6391%2C36.66294&survey=first&pixels=300%2C300&sampler=LI&size=0.10000000000000002%2C0.10000000000000002&projection=Tan&coordinates=J2000.0&requestID=skv1551874715696&return=FITS
162.23,31.3292,I,0.999816,https://skyview.gsfc.nasa.gov/cgi-bin/images?position=162.23037%2C31.32923&survey=first&pixels=300%2C300&sampler=LI&size=0.10000000000000002%2C0.10000000000000002&projection=Tan&coordinates=J2000.0&requestID=skv1551874734856&return=FITS
162.28,55.2208,C,1,https://skyview.gsfc.nasa.gov/cgi-bin/images?position=162.28031000000001%2C55.22081&survey=first&pixels=300%2C300&sampler=LI&size=0.10000000000000002%2C0.10000000000000002&projection=Tan&coordinates=J2000.0&requestID=skv1551874750457&return=FITS
162.338,-0.66806,I,0.999999,https://skyview.gsfc.nasa.gov/cgi-bin/images?position=162.33807%2C-0.66806&survey=first&pixels=300%2C300&sampler=LI&size=0.10000000000000002%2C0.10000000000000002&projection=Tan&coordinates=J2000.0&requestID=skv1551874763744&return=FITS
162.947,55.3857,I,1,https://skyview.gsfc.nasa.gov/cgi-bin/images?position=162.94749%2C55.385659999999994&survey=first&pixels=300%2C300&sampler=LI&size=0.10000000000000002%2C0.10000000000000002&projection=Tan&coordinates=J2000.0&requestID=skv1551874777965&return=FITS
163.25,43.0486,I,1,https://skyview.gsfc.nasa.gov/cgi-bin/images?position=163.24991%2C43.04861&survey=first&pixels=300%2C300&sampler=LI&size=0.10000000000000002%2C0.10000000000000002&projection=Tan&coordinates=J2000.0&requestID=skv1551874790973&return=FITS
163.434,49.4989,C,0.978094,https://skyview.gsfc.nasa.gov/cgi-bin/images?position=163.43386999999998%2C49.49889&survey=first&pixels=300%2C300&sampler=LI&size=0.10000000000000002%2C0.10000000000000002&projection=Tan&coordinates=J2000.0&requestID=skv1551874810117&return=FITS
163.454,40.3961,I,1,https://skyview.gsfc.nasa.gov/cgi-bin/images?position=163.45389%2C40.3961&survey=first&pixels=300%2C300&sampler=LI&size=0.10000000000000002%2C0.10000000000000002&projection=Tan&coordinates=J2000.0&requestID=skv1551874831883&return=FITS
163.937,45.4004,I,0.999993,https://skyview.gsfc.nasa.gov/cgi-bin/images?position=163.93739%2C45.400420000000004&survey=first&pixels=300%2C300&sampler=LI&size=0.10000000000000002%2C0.10000000000000002&projection=Tan&coordinates=J2000.0&requestID=skv1551874847810&return=FITS
164.262,56.7509,I,0.996707,https://skyview.gsfc.nasa.gov/cgi-bin/images?position=164.26164%2C56.75086999999999&survey=first&pixels=300%2C300&sampler=LI&size=0.10000000000000002%2C0.10000000000000002&projection=Tan&coordinates=J2000.0&requestID=skv1551874860544&return=FITS
164.699,16.7572,I,0.999865,https://skyview.gsfc.nasa.gov/cgi-bin/images?position=164.69865%2C16.75725&survey=first&pixels=300%2C300&sampler=LI&size=0.10000000000000002%2C0.10000000000000002&projection=Tan&coordinates=J2000.0&requestID=skv1551874875071&return=FITS
166.399,9.33234,I,0.961759,https://skyview.gsfc.nasa.gov/cgi-bin/images?position=166.39911%2C9.33234&survey=first&pixels=300%2C300&sampler=LI&size=0.10000000000000002%2C0.10000000000000002&projection=Tan&coordinates=J2000.0&requestID=skv1551874895414&return=FITS
167.584,20.7826,II,0.999999,https://skyview.gsfc.nasa.gov/cgi-bin/images?position=167.58365%2C20.78264&survey=first&pixels=300%2C300&sampler=LI&size=0.10000000000000002%2C0.10000000000000002&projection=Tan&coordinates=J2000.0&requestID=skv1551874911753&return=FITS
167.656,54.1933,I,0.999891,https://skyview.gsfc.nasa.gov/cgi-bin/images?position=167.65553%2C54.19327&survey=first&pixels=300%2C300&sampler=LI&size=0.10000000000000002%2C0.10000000000000002&projection=Tan&coordinates=J2000.0&requestID=skv1551874927072&return=FITS
168.047,30.7312,I,1,https://skyview.gsfc.nasa.gov/cgi-bin/images?position=168.04742%2C30.73122&survey=first&pixels=300%2C300&sampler=LI&size=0.10000000000000002%2C0.10000000000000002&projection=Tan&coordinates=J2000.0&requestID=skv1551874949828&return=FITS
169.796,8.26107,I,0.999991,https://skyview.gsfc.nasa.gov/cgi-bin/images?position=169.79641%2C8.26107&survey=first&pixels=300%2C300&sampler=LI&size=0.10000000000000002%2C0.10000000000000002&projection=Tan&coordinates=J2000.0&requestID=skv1551874968253&return=FITS
170.233,17.6483,II,0.994731,https://skyview.gsfc.nasa.gov/cgi-bin/images?position=170.23266%2C17.64834&survey=first&pixels=300%2C300&sampler=LI&size=0.10000000000000002%2C0.10000000000000002&projection=Tan&coordinates=J2000.0&requestID=skv1551874990033&return=FITS
170.968,44.6266,II,0.993598,https://skyview.gsfc.nasa.gov/cgi-bin/images?position=170.96812%2C44.62656&survey=first&pixels=300%2C300&sampler=LI&size=0.10000000000000002%2C0.10000000000000002&projection=Tan&coordinates=J2000.0&requestID=skv1551875004779&return=FITS
171.013,47.9708,I,1,https://skyview.gsfc.nasa.gov/cgi-bin/images?position=171.01336%2C47.97082&survey=first&pixels=300%2C300&sampler=LI&size=0.10000000000000002%2C0.10000000000000002&projection=Tan&coordinates=J2000.0&requestID=skv1551875023556&return=FITS
171.239,17.2958,II,0.999994,https://skyview.gsfc.nasa.gov/cgi-bin/images?position=171.23918999999998%2C17.29576&survey=first&pixels=300%2C300&sampler=LI&size=0.10000000000000002%2C0.10000000000000002&projection=Tan&coordinates=J2000.0&requestID=skv1551875042358&return=FITS
171.515,54.8914,II,0.999994,https://skyview.gsfc.nasa.gov/cgi-bin/images?position=171.51503%2C54.89145&survey=first&pixels=300%2C300&sampler=LI&size=0.10000000000000002%2C0.10000000000000002&projection=Tan&coordinates=J2000.0&requestID=skv1551875065186&return=FITS
172.553,23.9728,I,0.954576,https://skyview.gsfc.nasa.gov/cgi-bin/images?position=172.55333000000002%2C23.97283&survey=first&pixels=300%2C300&sampler=LI&size=0.10000000000000002%2C0.10000000000000002&projection=Tan&coordinates=J2000.0&requestID=skv1551875086396&return=FITS
173.497,49.0621,I,1,https://skyview.gsfc.nasa.gov/cgi-bin/images?position=173.49676000000002%2C49.062059999999995&survey=first&pixels=300%2C300&sampler=LI&size=0.10000000000000002%2C0.10000000000000002&projection=Tan&coordinates=J2000.0&requestID=skv1551875106944&return=FITS
175.545,55.4582,C,0.999407,https://skyview.gsfc.nasa.gov/cgi-bin/images?position=175.54471%2C55.45824&survey=first&pixels=300%2C300&sampler=LI&size=0.10000000000000002%2C0.10000000000000002&projection=Tan&coordinates=J2000.0&requestID=skv1551875129971&return=FITS
175.55,10.1997,I,0.999994,https://skyview.gsfc.nasa.gov/cgi-bin/images?position=175.55048%2C10.19973&survey=first&pixels=300%2C300&sampler=LI&size=0.10000000000000002%2C0.10000000000000002&projection=Tan&coordinates=J2000.0&requestID=skv1551875149551&return=FITS
175.94,19.3926,I,0.999995,https://skyview.gsfc.nasa.gov/cgi-bin/images?position=175.93976%2C19.39263&survey=first&pixels=300%2C300&sampler=LI&size=0.10000000000000002%2C0.10000000000000002&projection=Tan&coordinates=J2000.0&requestID=skv1551875170477&return=FITS
177.789,43.9885,I,0.999805,https://skyview.gsfc.nasa.gov/cgi-bin/images?position=177.78916%2C43.98852&survey=first&pixels=300%2C300&sampler=LI&size=0.10000000000000002%2C0.10000000000000002&projection=Tan&coordinates=J2000.0&requestID=skv1551875189843&return=FITS
178.35,30.9847,I,0.999977,https://skyview.gsfc.nasa.gov/cgi-bin/images?position=178.34958%2C30.984690000000004&survey=first&pixels=300%2C300&sampler=LI&size=0.10000000000000002%2C0.10000000000000002&projection=Tan&coordinates=J2000.0&requestID=skv1551875209433&return=FITS
178.787,23.4399,I,1,https://skyview.gsfc.nasa.gov/cgi-bin/images?position=178.7874%2C23.439870000000003&survey=first&pixels=300%2C300&sampler=LI&size=0.10000000000000002%2C0.10000000000000002&projection=Tan&coordinates=J2000.0&requestID=skv1551875230104&return=FITS
179.373,29.3856,I,0.943565,https://skyview.gsfc.nasa.gov/cgi-bin/images?position=179.37338%2C29.3856&survey=first&pixels=300%2C300&sampler=LI&size=0.10000000000000002%2C0.10000000000000002&projection=Tan&coordinates=J2000.0&requestID=skv1551875245514&return=FITS
179.568,34.1016,II,0.665664,https://skyview.gsfc.nasa.gov/cgi-bin/images?position=179.56823%2C34.10164&survey=first&pixels=300%2C300&sampler=LI&size=0.10000000000000002%2C0.10000000000000002&projection=Tan&coordinates=J2000.0&requestID=skv1551875267223&return=FITS
179.9,23.6632,C,0.933095,https://skyview.gsfc.nasa.gov/cgi-bin/images?position=179.90025%2C23.6632&survey=first&pixels=300%2C300&sampler=LI&size=0.10000000000000002%2C0.10000000000000002&projection=Tan&coordinates=J2000.0&requestID=skv1551875285888&return=FITS
180.091,-2.03133,I,0.999775,https://skyview.gsfc.nasa.gov/cgi-bin/images?position=180.0914%2C-2.03133&survey=first&pixels=300%2C300&sampler=LI&size=0.10000000000000002%2C0.10000000000000002&projection=Tan&coordinates=J2000.0&requestID=skv1551875308400&return=FITS
181.006,20.2323,I,1,https://skyview.gsfc.nasa.gov/cgi-bin/images?position=181.00616000000002%2C20.232329999999997&survey=first&pixels=300%2C300&sampler=LI&size=0.10000000000000002%2C0.10000000000000002&projection=Tan&coordinates=J2000.0&requestID=skv1551875322799&return=FITS
181.105,3.75294,BENT,0.858666,https://skyview.gsfc.nasa.gov/cgi-bin/images?position=181.10539%2C3.75294&survey=first&pixels=300%2C300&sampler=LI&size=0.10000000000000002%2C0.10000000000000002&projection=Tan&coordinates=J2000.0&requestID=skv1551875337541&return=FITS
181.343,5.16151,I,0.994288,https://skyview.gsfc.nasa.gov/cgi-bin/images?position=181.3429%2C5.16151&survey=first&pixels=300%2C300&sampler=LI&size=0.10000000000000002%2C0.10000000000000002&projection=Tan&coordinates=J2000.0&requestID=skv1551875356681&return=FITS
182.432,-2.08323,I,1,https://skyview.gsfc.nasa.gov/cgi-bin/images?position=182.43178999999998%2C-2.08323&survey=first&pixels=300%2C300&sampler=LI&size=0.10000000000000002%2C0.10000000000000002&projection=Tan&coordinates=J2000.0&requestID=skv1551875378066&return=FITS
182.796,6.12894,II,0.987034,https://skyview.gsfc.nasa.gov/cgi-bin/images?position=182.79578999999998%2C6.12894&survey=first&pixels=300%2C300&sampler=LI&size=0.10000000000000002%2C0.10000000000000002&projection=Tan&coordinates=J2000.0&requestID=skv1551875393267&return=FITS
182.809,6.14275,I,0.992122,https://skyview.gsfc.nasa.gov/cgi-bin/images?position=182.80867%2C6.14275&survey=first&pixels=300%2C300&sampler=LI&size=0.10000000000000002%2C0.10000000000000002&projection=Tan&coordinates=J2000.0&requestID=skv1551875407986&return=FITS
182.838,14.2442,I,1,https://skyview.gsfc.nasa.gov/cgi-bin/images?position=182.83803%2C14.244229999999998&survey=first&pixels=300%2C300&sampler=LI&size=0.10000000000000002%2C0.10000000000000002&projection=Tan&coordinates=J2000.0&requestID=skv1551875433618&return=FITS
183.387,7.42138,I,1,https://skyview.gsfc.nasa.gov/cgi-bin/images?position=183.38723000000002%2C7.42138&survey=first&pixels=300%2C300&sampler=LI&size=0.10000000000000002%2C0.10000000000000002&projection=Tan&coordinates=J2000.0&requestID=skv1551875457707&return=FITS
183.83,47.3618,I,0.999966,https://skyview.gsfc.nasa.gov/cgi-bin/images?position=183.83%2C47.3618&survey=first&pixels=300%2C300&sampler=LI&size=0.10000000000000002%2C0.10000000000000002&projection=Tan&coordinates=J2000.0&requestID=skv1551875477143&return=FITS
183.892,13.9431,I,0.999965,https://skyview.gsfc.nasa.gov/cgi-bin/images?position=183.89242%2C13.943060000000001&survey=first&pixels=300%2C300&sampler=LI&size=0.10000000000000002%2C0.10000000000000002&projection=Tan&coordinates=J2000.0&requestID=skv1551875500607&return=FITS
183.933,17.1549,I,1,https://skyview.gsfc.nasa.gov/cgi-bin/images?position=183.93261%2C17.1549&survey=first&pixels=300%2C300&sampler=LI&size=0.10000000000000002%2C0.10000000000000002&projection=Tan&coordinates=J2000.0&requestID=skv1551875515273&return=FITS
184.083,15.9049,I,0.999969,https://skyview.gsfc.nasa.gov/cgi-bin/images?position=184.08316000000002%2C15.904929999999998&survey=first&pixels=300%2C300&sampler=LI&size=0.10000000000000002%2C0.10000000000000002&projection=Tan&coordinates=J2000.0&requestID=skv1551875538179&return=FITS
184.167,3.70876,II,0.50987,https://skyview.gsfc.nasa.gov/cgi-bin/images?position=184.16718999999998%2C3.70876&survey=first&pixels=300%2C300&sampler=LI&size=0.10000000000000002%2C0.10000000000000002&projection=Tan&coordinates=J2000.0&requestID=skv1551875557985&return=FITS
185.484,2.0808,I,0.832853,https://skyview.gsfc.nasa.gov/cgi-bin/images?position=185.48403000000002%2C2.0808&survey=first&pixels=300%2C300&sampler=LI&size=0.10000000000000002%2C0.10000000000000002&projection=Tan&coordinates=J2000.0&requestID=skv1551875573176&return=FITS
186.384,19.4376,I,0.620113,https://skyview.gsfc.nasa.gov/cgi-bin/images?position=186.38375%2C19.43759&survey=first&pixels=300%2C300&sampler=LI&size=0.10000000000000002%2C0.10000000000000002&projection=Tan&coordinates=J2000.0&requestID=skv1551875588154&return=FITS
186.594,64.1061,I,0.924914,https://skyview.gsfc.nasa.gov/cgi-bin/images?position=186.593748%2C64.10613000000001&survey=first&pixels=300%2C300&sampler=LI&size=0.10000000000000002%2C0.10000000000000002&projection=Tan&coordinates=J2000.0&requestID=skv1551875604727&return=FITS
186.67,43.0859,I,1,https://skyview.gsfc.nasa.gov/cgi-bin/images?position=186.67016999999998%2C43.08593&survey=first&pixels=300%2C300&sampler=LI&size=0.10000000000000002%2C0.10000000000000002&projection=Tan&coordinates=J2000.0&requestID=skv1551875625423&return=FITS
187.871,49.2603,I,0.890915,https://skyview.gsfc.nasa.gov/cgi-bin/images?position=187.87053999999998%2C49.260259999999995&survey=first&pixels=300%2C300&sampler=LI&size=0.10000000000000002%2C0.10000000000000002&projection=Tan&coordinates=J2000.0&requestID=skv1551875640755&return=FITS
190.4,16.3427,C,0.842266,https://skyview.gsfc.nasa.gov/cgi-bin/images?position=190.39979%2C16.34269&survey=first&pixels=300%2C300&sampler=LI&size=0.10000000000000002%2C0.10000000000000002&projection=Tan&coordinates=J2000.0&requestID=skv1551875654856&return=FITS
191.594,7.89111,I,0.998048,https://skyview.gsfc.nasa.gov/cgi-bin/images?position=191.59371000000002%2C7.89111&survey=first&pixels=300%2C300&sampler=LI&size=0.10000000000000002%2C0.10000000000000002&projection=Tan&coordinates=J2000.0&requestID=skv1551875672897&return=FITS
191.698,54.8875,I,1,https://skyview.gsfc.nasa.gov/cgi-bin/images?position=191.69804%2C54.887525&survey=first&pixels=300%2C300&sampler=LI&size=0.10000000000000002%2C0.10000000000000002&projection=Tan&coordinates=J2000.0&requestID=skv1551875695828&return=FITS
193.646,-2.57012,I,0.999999,https://skyview.gsfc.nasa.gov/cgi-bin/images?position=193.64557%2C-2.57012&survey=first&pixels=300%2C300&sampler=LI&size=0.10000000000000002%2C0.10000000000000002&projection=Tan&coordinates=J2000.0&requestID=skv1551875716646&return=FITS
195.515,-0.83677,I,0.999979,https://skyview.gsfc.nasa.gov/cgi-bin/images?position=195.51494%2C-0.8367700000000001&survey=first&pixels=300%2C300&sampler=LI&size=0.10000000000000002%2C0.10000000000000002&projection=Tan&coordinates=J2000.0&requestID=skv1551875734835&return=FITS
195.703,47.9197,I,1,https://skyview.gsfc.nasa.gov/cgi-bin/images?position=195.70296000000002%2C47.91966&survey=first&pixels=300%2C300&sampler=LI&size=0.10000000000000002%2C0.10000000000000002&projection=Tan&coordinates=J2000.0&requestID=skv1551875753817&return=FITS
196.58,11.2277,I,0.999999,https://skyview.gsfc.nasa.gov/cgi-bin/images?position=196.5802%2C11.22772&survey=first&pixels=300%2C300&sampler=LI&size=0.10000000000000002%2C0.10000000000000002&projection=Tan&coordinates=J2000.0&requestID=skv1551875774815&return=FITS
197.723,-2.47822,I,0.999951,https://skyview.gsfc.nasa.gov/cgi-bin/images?position=197.72269%2C-2.47822&survey=first&pixels=300%2C300&sampler=LI&size=0.10000000000000002%2C0.10000000000000002&projection=Tan&coordinates=J2000.0&requestID=skv1551875794573&return=FITS
198.879,52.9104,I,0.99994,https://skyview.gsfc.nasa.gov/cgi-bin/images?position=198.87948%2C52.910430000000005&survey=first&pixels=300%2C300&sampler=LI&size=0.10000000000000002%2C0.10000000000000002&projection=Tan&coordinates=J2000.0&requestID=skv1551875814200&return=FITS
199.056,9.54353,I,0.971922,https://skyview.gsfc.nasa.gov/cgi-bin/images?position=199.05646000000002%2C9.54353&survey=first&pixels=300%2C300&sampler=LI&size=0.10000000000000002%2C0.10000000000000002&projection=Tan&coordinates=J2000.0&requestID=skv1551875833574&return=FITS
200.073,4.51039,I,1,https://skyview.gsfc.nasa.gov/cgi-bin/images?position=200.07313%2C4.51039&survey=first&pixels=300%2C300&sampler=LI&size=0.10000000000000002%2C0.10000000000000002&projection=Tan&coordinates=J2000.0&requestID=skv1551875849197&return=FITS
200.76,17.4758,I,1,https://skyview.gsfc.nasa.gov/cgi-bin/images?position=200.76039%2C17.47583&survey=first&pixels=300%2C300&sampler=LI&size=0.10000000000000002%2C0.10000000000000002&projection=Tan&coordinates=J2000.0&requestID=skv1551875870580&return=FITS
201.901,27.138,I,0.99999,https://skyview.gsfc.nasa.gov/cgi-bin/images?position=201.90057%2C27.138040000000004&survey=first&pixels=300%2C300&sampler=LI&size=0.10000000000000002%2C0.10000000000000002&projection=Tan&coordinates=J2000.0&requestID=skv1551875887737&return=FITS
202.658,39.1376,I,1,https://skyview.gsfc.nasa.gov/cgi-bin/images?position=202.65839%2C39.13763&survey=first&pixels=300%2C300&sampler=LI&size=0.10000000000000002%2C0.10000000000000002&projection=Tan&coordinates=J2000.0&requestID=skv1551875910705&return=FITS
206.938,50.5343,I,0.99714,https://skyview.gsfc.nasa.gov/cgi-bin/images?position=206.9383%2C50.53432&survey=first&pixels=300%2C300&sampler=LI&size=0.10000000000000002%2C0.10000000000000002&projection=Tan&coordinates=J2000.0&requestID=skv1551875928807&return=FITS
208.061,12.5672,II,1,https://skyview.gsfc.nasa.gov/cgi-bin/images?position=208.0607%2C12.567169999999999&survey=first&pixels=300%2C300&sampler=LI&size=0.10000000000000002%2C0.10000000000000002&projection=Tan&coordinates=J2000.0&requestID=skv1551875945860&return=FITS
208.259,33.0913,I,1,https://skyview.gsfc.nasa.gov/cgi-bin/images?position=208.25853%2C33.09126&survey=first&pixels=300%2C300&sampler=LI&size=0.10000000000000002%2C0.10000000000000002&projection=Tan&coordinates=J2000.0&requestID=skv1551875966708&return=FITS
208.797,24.4044,I,0.999521,https://skyview.gsfc.nasa.gov/cgi-bin/images?position=208.79729%2C24.40435&survey=first&pixels=300%2C300&sampler=LI&size=0.10000000000000002%2C0.10000000000000002&projection=Tan&coordinates=J2000.0&requestID=skv1551875982640&return=FITS
208.973,26.3716,I,1,https://skyview.gsfc.nasa.gov/cgi-bin/images?position=208.97348%2C26.37165&survey=first&pixels=300%2C300&sampler=LI&size=0.10000000000000002%2C0.10000000000000002&projection=Tan&coordinates=J2000.0&requestID=skv1551875998094&return=FITS
209.23,27.1889,II,0.999822,https://skyview.gsfc.nasa.gov/cgi-bin/images?position=209.23039%2C27.18895&survey=first&pixels=300%2C300&sampler=LI&size=0.10000000000000002%2C0.10000000000000002&projection=Tan&coordinates=J2000.0&requestID=skv1551876022095&return=FITS
210.805,6.16896,I,1,https://skyview.gsfc.nasa.gov/cgi-bin/images?position=210.80537999999999%2C6.16896&survey=first&pixels=300%2C300&sampler=LI&size=0.10000000000000002%2C0.10000000000000002&projection=Tan&coordinates=J2000.0&requestID=skv1551876038042&return=FITS
212.32,6.02763,II,0.407017,https://skyview.gsfc.nasa.gov/cgi-bin/images?position=212.31977999999998%2C6.02763&survey=first&pixels=300%2C300&sampler=LI&size=0.10000000000000002%2C0.10000000000000002&projection=Tan&coordinates=J2000.0&requestID=skv1551876057995&return=FITS
212.909,49.8844,BENT,0.99927,https://skyview.gsfc.nasa.gov/cgi-bin/images?position=212.90929%2C49.884440000000005&survey=first&pixels=300%2C300&sampler=LI&size=0.10000000000000002%2C0.10000000000000002&projection=Tan&coordinates=J2000.0&requestID=skv1551876072994&return=FITS
213.183,49.8685,I,1,https://skyview.gsfc.nasa.gov/cgi-bin/images?position=213.18267999999998%2C49.86848&survey=first&pixels=300%2C300&sampler=LI&size=0.10000000000000002%2C0.10000000000000002&projection=Tan&coordinates=J2000.0&requestID=skv1551876091300&return=FITS
213.613,28.4752,I,1,https://skyview.gsfc.nasa.gov/cgi-bin/images?position=213.61296000000002%2C28.475179999999998&survey=first&pixels=300%2C300&sampler=LI&size=0.10000000000000002%2C0.10000000000000002&projection=Tan&coordinates=J2000.0&requestID=skv1551876110493&return=FITS
214.221,10.8074,I,1,https://skyview.gsfc.nasa.gov/cgi-bin/images?position=214.22062999999997%2C10.80739&survey=first&pixels=300%2C300&sampler=LI&size=0.10000000000000002%2C0.10000000000000002&projection=Tan&coordinates=J2000.0&requestID=skv1551876131562&return=FITS
215.528,36.243,I,0.98838,https://skyview.gsfc.nasa.gov/cgi-bin/images?position=215.52832999999998%2C36.24303&survey=first&pixels=300%2C300&sampler=LI&size=0.10000000000000002%2C0.10000000000000002&projection=Tan&coordinates=J2000.0&requestID=skv1551876153175&return=FITS
216.338,63.1559,C,0.790064,https://skyview.gsfc.nasa.gov/cgi-bin/images?position=216.3384%2C63.15591&survey=first&pixels=300%2C300&sampler=LI&size=0.10000000000000002%2C0.10000000000000002&projection=Tan&coordinates=J2000.0&requestID=skv1551876172280&return=FITS
216.568,0.8376,I,0.99981,https://skyview.gsfc.nasa.gov/cgi-bin/images?position=216.56807999999998%2C0.8376&survey=first&pixels=300%2C300&sampler=LI&size=0.10000000000000002%2C0.10000000000000002&projection=Tan&coordinates=J2000.0&requestID=skv1551876190523&return=FITS
216.599,55.3014,I,0.999671,https://skyview.gsfc.nasa.gov/cgi-bin/images?position=216.59902999999997%2C55.30137&survey=first&pixels=300%2C300&sampler=LI&size=0.10000000000000002%2C0.10000000000000002&projection=Tan&coordinates=J2000.0&requestID=skv1551876207017&return=FITS
216.705,62.1683,I,0.994577,https://skyview.gsfc.nasa.gov/cgi-bin/images?position=216.70515%2C62.168319999999994&survey=first&pixels=300%2C300&sampler=LI&size=0.10000000000000002%2C0.10000000000000002&projection=Tan&coordinates=J2000.0&requestID=skv1551876226291&return=FITS
217.136,42.6724,C,0.985962,https://skyview.gsfc.nasa.gov/cgi-bin/images?position=217.13608%2C42.67239&survey=first&pixels=300%2C300&sampler=LI&size=0.10000000000000002%2C0.10000000000000002&projection=Tan&coordinates=J2000.0&requestID=skv1551876247940&return=FITS
217.948,60.8526,I,1,https://skyview.gsfc.nasa.gov/cgi-bin/images?position=217.94812000000002%2C60.852630000000005&survey=first&pixels=300%2C300&sampler=LI&size=0.10000000000000002%2C0.10000000000000002&projection=Tan&coordinates=J2000.0&requestID=skv1551876277771&return=FITS
218.241,4.62087,I,1,https://skyview.gsfc.nasa.gov/cgi-bin/images?position=218.24091%2C4.62087&survey=first&pixels=300%2C300&sampler=LI&size=0.10000000000000002%2C0.10000000000000002&projection=Tan&coordinates=J2000.0&requestID=skv1551876296199&return=FITS
219.161,1.18302,II,0.961789,https://skyview.gsfc.nasa.gov/cgi-bin/images?position=219.16067%2C1.1830200000000002&survey=first&pixels=300%2C300&sampler=LI&size=0.10000000000000002%2C0.10000000000000002&projection=Tan&coordinates=J2000.0&requestID=skv1551876316055&return=FITS
219.87,11.1038,I,1,https://skyview.gsfc.nasa.gov/cgi-bin/images?position=219.86993999999999%2C11.10384&survey=first&pixels=300%2C300&sampler=LI&size=0.10000000000000002%2C0.10000000000000002&projection=Tan&coordinates=J2000.0&requestID=skv1551876337141&return=FITS
223.064,50.3736,I,1,https://skyview.gsfc.nasa.gov/cgi-bin/images?position=223.06442%2C50.37363&survey=first&pixels=300%2C300&sampler=LI&size=0.10000000000000002%2C0.10000000000000002&projection=Tan&coordinates=J2000.0&requestID=skv1551876357620&return=FITS
223.98,11.8615,I,0.99999,https://skyview.gsfc.nasa.gov/cgi-bin/images?position=223.98029%2C11.86153&survey=first&pixels=300%2C300&sampler=LI&size=0.10000000000000002%2C0.10000000000000002&projection=Tan&coordinates=J2000.0&requestID=skv1551876378666&return=FITS
225.298,9.59667,II,0.585045,https://skyview.gsfc.nasa.gov/cgi-bin/images?position=225.29796000000002%2C9.59667&survey=first&pixels=300%2C300&sampler=LI&size=0.10000000000000002%2C0.10000000000000002&projection=Tan&coordinates=J2000.0&requestID=skv1551876398644&return=FITS
225.451,16.5627,I,0.999876,https://skyview.gsfc.nasa.gov/cgi-bin/images?position=225.45061%2C16.56269&survey=first&pixels=300%2C300&sampler=LI&size=0.10000000000000002%2C0.10000000000000002&projection=Tan&coordinates=J2000.0&requestID=skv1551876420864&return=FITS
226.033,56.9293,I,0.999999,https://skyview.gsfc.nasa.gov/cgi-bin/images?position=226.03338%2C56.929269999999995&survey=first&pixels=300%2C300&sampler=LI&size=0.10000000000000002%2C0.10000000000000002&projection=Tan&coordinates=J2000.0&requestID=skv1551876443992&return=FITS
226.21,4.68191,I,0.999969,https://skyview.gsfc.nasa.gov/cgi-bin/images?position=226.21048%2C4.68191&survey=first&pixels=300%2C300&sampler=LI&size=0.10000000000000002%2C0.10000000000000002&projection=Tan&coordinates=J2000.0&requestID=skv1551876459672&return=FITS
227.489,33.4542,BENT,0.729008,https://skyview.gsfc.nasa.gov/cgi-bin/images?position=227.48907000000003%2C33.45417&survey=first&pixels=300%2C300&sampler=LI&size=0.10000000000000002%2C0.10000000000000002&projection=Tan&coordinates=J2000.0&requestID=skv1551876478522&return=FITS
227.499,33.4628,I,0.870588,https://skyview.gsfc.nasa.gov/cgi-bin/images?position=227.49897%2C33.46281&survey=first&pixels=300%2C300&sampler=LI&size=0.10000000000000002%2C0.10000000000000002&projection=Tan&coordinates=J2000.0&requestID=skv1551876494139&return=FITS
229.437,31.0044,I,0.999901,https://skyview.gsfc.nasa.gov/cgi-bin/images?position=229.43737000000002%2C31.0044&survey=first&pixels=300%2C300&sampler=LI&size=0.10000000000000002%2C0.10000000000000002&projection=Tan&coordinates=J2000.0&requestID=skv1551876513495&return=FITS
229.691,6.23226,I,1,https://skyview.gsfc.nasa.gov/cgi-bin/images?position=229.69052000000002%2C6.23226&survey=first&pixels=300%2C300&sampler=LI&size=0.10000000000000002%2C0.10000000000000002&projection=Tan&coordinates=J2000.0&requestID=skv1551876533006&return=FITS
230.344,4.3417,I,0.99989,https://skyview.gsfc.nasa.gov/cgi-bin/images?position=230.34392999999997%2C4.3417&survey=first&pixels=300%2C300&sampler=LI&size=0.10000000000000002%2C0.10000000000000002&projection=Tan&coordinates=J2000.0&requestID=skv1551876551259&return=FITS
230.362,48.6621,I,1,https://skyview.gsfc.nasa.gov/cgi-bin/images?position=230.36248999999998%2C48.66205&survey=first&pixels=300%2C300&sampler=LI&size=0.10000000000000002%2C0.10000000000000002&projection=Tan&coordinates=J2000.0&requestID=skv1551876573695&return=FITS
230.647,15.9521,I,0.999988,https://skyview.gsfc.nasa.gov/cgi-bin/images?position=230.64663%2C15.952129999999999&survey=first&pixels=300%2C300&sampler=LI&size=0.10000000000000002%2C0.10000000000000002&projection=Tan&coordinates=J2000.0&requestID=skv1551876593023&return=FITS
230.862,28.6254,I,0.999723,https://skyview.gsfc.nasa.gov/cgi-bin/images?position=230.86225%2C28.62544&survey=first&pixels=300%2C300&sampler=LI&size=0.10000000000000002%2C0.10000000000000002&projection=Tan&coordinates=J2000.0&requestID=skv1551876609888&return=FITS
231.253,33.4,C,0.968163,https://skyview.gsfc.nasa.gov/cgi-bin/images?position=231.25349%2C33.39996&survey=first&pixels=300%2C300&sampler=LI&size=0.10000000000000002%2C0.10000000000000002&projection=Tan&coordinates=J2000.0&requestID=skv1551876630944&return=FITS
231.343,31.677,I,0.999998,https://skyview.gsfc.nasa.gov/cgi-bin/images?position=231.34306%2C31.67698&survey=first&pixels=300%2C300&sampler=LI&size=0.10000000000000002%2C0.10000000000000002&projection=Tan&coordinates=J2000.0&requestID=skv1551876646677&return=FITS
231.814,13.6142,I,0.999953,https://skyview.gsfc.nasa.gov/cgi-bin/images?position=231.81381000000002%2C13.614170000000001&survey=first&pixels=300%2C300&sampler=LI&size=0.10000000000000002%2C0.10000000000000002&projection=Tan&coordinates=J2000.0&requestID=skv1551876670901&return=FITS
231.906,41.4964,II,0.999989,https://skyview.gsfc.nasa.gov/cgi-bin/images?position=231.90569%2C41.49643&survey=first&pixels=300%2C300&sampler=LI&size=0.10000000000000002%2C0.10000000000000002&projection=Tan&coordinates=J2000.0&requestID=skv1551876689133&return=FITS
232.44,30.7099,I,0.999845,https://skyview.gsfc.nasa.gov/cgi-bin/images?position=232.44026000000002%2C30.709940000000003&survey=first&pixels=300%2C300&sampler=LI&size=0.10000000000000002%2C0.10000000000000002&projection=Tan&coordinates=J2000.0&requestID=skv1551876708210&return=FITS
232.912,6.67932,C,0.99666,https://skyview.gsfc.nasa.gov/cgi-bin/images?position=232.91151000000002%2C6.67932&survey=first&pixels=300%2C300&sampler=LI&size=0.10000000000000002%2C0.10000000000000002&projection=Tan&coordinates=J2000.0&requestID=skv1551876728356&return=FITS
233.064,43.6457,I,0.999732,https://skyview.gsfc.nasa.gov/cgi-bin/images?position=233.06382999999997%2C43.6457&survey=first&pixels=300%2C300&sampler=LI&size=0.10000000000000002%2C0.10000000000000002&projection=Tan&coordinates=J2000.0&requestID=skv1551876758569&return=FITS
234.088,8.68672,I,0.999995,https://skyview.gsfc.nasa.gov/cgi-bin/images?position=234.08801%2C8.68672&survey=first&pixels=300%2C300&sampler=LI&size=0.10000000000000002%2C0.10000000000000002&projection=Tan&coordinates=J2000.0&requestID=skv1551876779103&return=FITS
234.884,1.6196,I,0.999976,https://skyview.gsfc.nasa.gov/cgi-bin/images?position=234.88375%2C1.6196&survey=first&pixels=300%2C300&sampler=LI&size=0.10000000000000002%2C0.10000000000000002&projection=Tan&coordinates=J2000.0&requestID=skv1551876797736&return=FITS
235.48,1.4215,I,1,https://skyview.gsfc.nasa.gov/cgi-bin/images?position=235.47987%2C1.4215&survey=first&pixels=300%2C300&sampler=LI&size=0.10000000000000002%2C0.10000000000000002&projection=Tan&coordinates=J2000.0&requestID=skv1551876817701&return=FITS
236.788,35.6462,I,1,https://skyview.gsfc.nasa.gov/cgi-bin/images?position=236.7884%2C35.646159999999995&survey=first&pixels=300%2C300&sampler=LI&size=0.10000000000000002%2C0.10000000000000002&projection=Tan&coordinates=J2000.0&requestID=skv1551876839379&return=FITS
238.093,22.5533,C,0.952615,https://skyview.gsfc.nasa.gov/cgi-bin/images?position=238.09318%2C22.553320000000003&survey=first&pixels=300%2C300&sampler=LI&size=0.10000000000000002%2C0.10000000000000002&projection=Tan&coordinates=J2000.0&requestID=skv1551876864541&return=FITS
238.294,27.5562,I,0.995168,https://skyview.gsfc.nasa.gov/cgi-bin/images?position=238.29446000000002%2C27.55619&survey=first&pixels=300%2C300&sampler=LI&size=0.10000000000000002%2C0.10000000000000002&projection=Tan&coordinates=J2000.0&requestID=skv1551876882066&return=FITS
238.508,15.163,I,0.999896,https://skyview.gsfc.nasa.gov/cgi-bin/images?position=238.50832400000002%2C15.163027&survey=first&pixels=300%2C300&sampler=LI&size=0.10000000000000002%2C0.10000000000000002&projection=Tan&coordinates=J2000.0&requestID=skv1551876899755&return=FITS
239.339,54.6711,I,0.999863,https://skyview.gsfc.nasa.gov/cgi-bin/images?position=239.339123%2C54.671096&survey=first&pixels=300%2C300&sampler=LI&size=0.10000000000000002%2C0.10000000000000002&projection=Tan&coordinates=J2000.0&requestID=skv1551876915832&return=FITS
242.068,37.6287,I,0.99995,https://skyview.gsfc.nasa.gov/cgi-bin/images?position=242.06799999999998%2C37.628659999999996&survey=first&pixels=300%2C300&sampler=LI&size=0.10000000000000002%2C0.10000000000000002&projection=Tan&coordinates=J2000.0&requestID=skv1551876934144&return=FITS
242.657,53.4059,I,0.999559,https://skyview.gsfc.nasa.gov/cgi-bin/images?position=242.65739%2C53.40585&survey=first&pixels=300%2C300&sampler=LI&size=0.10000000000000002%2C0.10000000000000002&projection=Tan&coordinates=J2000.0&requestID=skv1551876953678&return=FITS
242.809,26.9234,C,0.999588,https://skyview.gsfc.nasa.gov/cgi-bin/images?position=242.80882999999997%2C26.92342&survey=first&pixels=300%2C300&sampler=LI&size=0.10000000000000002%2C0.10000000000000002&projection=Tan&coordinates=J2000.0&requestID=skv1551876979683&return=FITS
243.178,29.9013,I,0.999994,https://skyview.gsfc.nasa.gov/cgi-bin/images?position=243.1779%2C29.901320000000002&survey=first&pixels=300%2C300&sampler=LI&size=0.10000000000000002%2C0.10000000000000002&projection=Tan&coordinates=J2000.0&requestID=skv1551877000512&return=FITS
246.752,27.93,C,0.997661,https://skyview.gsfc.nasa.gov/cgi-bin/images?position=246.75175%2C27.92995&survey=first&pixels=300%2C300&sampler=LI&size=0.10000000000000002%2C0.10000000000000002&projection=Tan&coordinates=J2000.0&requestID=skv1551877024311&return=FITS
247.026,8.76057,I,0.997759,https://skyview.gsfc.nasa.gov/cgi-bin/images?position=247.02585%2C8.76057&survey=first&pixels=300%2C300&sampler=LI&size=0.10000000000000002%2C0.10000000000000002&projection=Tan&coordinates=J2000.0&requestID=skv1551877045908&return=FITS
247.328,13.64,I,0.997404,https://skyview.gsfc.nasa.gov/cgi-bin/images?position=247.32777000000002%2C13.64001&survey=first&pixels=300%2C300&sampler=LI&size=0.10000000000000002%2C0.10000000000000002&projection=Tan&coordinates=J2000.0&requestID=skv1551877072486&return=FITS
247.68,16.653,I,0.999997,https://skyview.gsfc.nasa.gov/cgi-bin/images?position=247.67976000000002%2C16.653010000000002&survey=first&pixels=300%2C300&sampler=LI&size=0.10000000000000002%2C0.10000000000000002&projection=Tan&coordinates=J2000.0&requestID=skv1551877090893&return=FITS
250.225,32.7912,I,0.762478,https://skyview.gsfc.nasa.gov/cgi-bin/images?position=250.22458999999998%2C32.79123&survey=first&pixels=300%2C300&sampler=LI&size=0.10000000000000002%2C0.10000000000000002&projection=Tan&coordinates=J2000.0&requestID=skv1551877115650&return=FITS
251.452,39.541,II,1,https://skyview.gsfc.nasa.gov/cgi-bin/images?position=251.451913%2C39.540960999999996&survey=first&pixels=300%2C300&sampler=LI&size=0.10000000000000002%2C0.10000000000000002&projection=Tan&coordinates=J2000.0&requestID=skv1551877133246&return=FITS
252.188,25.6887,I,0.996884,https://skyview.gsfc.nasa.gov/cgi-bin/images?position=252.18783%2C25.68875&survey=first&pixels=300%2C300&sampler=LI&size=0.10000000000000002%2C0.10000000000000002&projection=Tan&coordinates=J2000.0&requestID=skv1551877154586&return=FITS
253.271,40.1174,I,0.999962,https://skyview.gsfc.nasa.gov/cgi-bin/images?position=253.2708%2C40.1174&survey=first&pixels=300%2C300&sampler=LI&size=0.10000000000000002%2C0.10000000000000002&projection=Tan&coordinates=J2000.0&requestID=skv1551877178858&return=FITS
253.606,41.6892,II,0.999999,https://skyview.gsfc.nasa.gov/cgi-bin/images?position=253.6064%2C41.68922&survey=first&pixels=300%2C300&sampler=LI&size=0.10000000000000002%2C0.10000000000000002&projection=Tan&coordinates=J2000.0&requestID=skv1551877196813&return=FITS
253.702,26.3115,I,0.999742,https://skyview.gsfc.nasa.gov/cgi-bin/images?position=253.70185%2C26.31147&survey=first&pixels=300%2C300&sampler=LI&size=0.10000000000000002%2C0.10000000000000002&projection=Tan&coordinates=J2000.0&requestID=skv1551877214809&return=FITS
253.751,39.1467,I,0.700001,https://skyview.gsfc.nasa.gov/cgi-bin/images?position=253.75082999999998%2C39.14667&survey=first&pixels=300%2C300&sampler=LI&size=0.10000000000000002%2C0.10000000000000002&projection=Tan&coordinates=J2000.0&requestID=skv1551877236742&return=FITS
254.437,21.9364,I,0.55323,https://skyview.gsfc.nasa.gov/cgi-bin/images?position=254.436577%2C21.936429&survey=first&pixels=300%2C300&sampler=LI&size=0.10000000000000002%2C0.10000000000000002&projection=Tan&coordinates=J2000.0&requestID=skv1551877257436&return=FITS
255.047,32.5874,I,0.999883,https://skyview.gsfc.nasa.gov/cgi-bin/images?position=255.04677%2C32.58743&survey=first&pixels=300%2C300&sampler=LI&size=0.10000000000000002%2C0.10000000000000002&projection=Tan&coordinates=J2000.0&requestID=skv1551877279337&return=FITS
255.315,24.1024,II,0.976001,https://skyview.gsfc.nasa.gov/cgi-bin/images?position=255.31497000000002%2C24.10236&survey=first&pixels=300%2C300&sampler=LI&size=0.10000000000000002%2C0.10000000000000002&projection=Tan&coordinates=J2000.0&requestID=skv1551877300523&return=FITS
256.433,58.5004,I,0.998395,https://skyview.gsfc.nasa.gov/cgi-bin/images?position=256.43337%2C58.50036&survey=first&pixels=300%2C300&sampler=LI&size=0.10000000000000002%2C0.10000000000000002&projection=Tan&coordinates=J2000.0&requestID=skv1551877322372&return=FITS
256.509,20.2994,I,0.99609,https://skyview.gsfc.nasa.gov/cgi-bin/images?position=256.50922%2C20.29939&survey=first&pixels=300%2C300&sampler=LI&size=0.10000000000000002%2C0.10000000000000002&projection=Tan&coordinates=J2000.0&requestID=skv1551877341353&return=FITS
257.908,58.0584,I,1,https://skyview.gsfc.nasa.gov/cgi-bin/images?position=257.90822000000003%2C58.05839&survey=first&pixels=300%2C300&sampler=LI&size=0.10000000000000002%2C0.10000000000000002&projection=Tan&coordinates=J2000.0&requestID=skv1551877361232&return=FITS
258.096,64.0325,I,0.999994,https://skyview.gsfc.nasa.gov/cgi-bin/images?position=258.09647%2C64.03251&survey=first&pixels=300%2C300&sampler=LI&size=0.10000000000000002%2C0.10000000000000002&projection=Tan&coordinates=J2000.0&requestID=skv1551877381514&return=FITS
258.183,62.0458,C,0.663249,https://skyview.gsfc.nasa.gov/cgi-bin/images?position=258.18318%2C62.045840000000005&survey=first&pixels=300%2C300&sampler=LI&size=0.10000000000000002%2C0.10000000000000002&projection=Tan&coordinates=J2000.0&requestID=skv1551877409175&return=FITS
263.099,55.4147,I,0.994113,https://skyview.gsfc.nasa.gov/cgi-bin/images?position=263.0989%2C55.41465&survey=first&pixels=300%2C300&sampler=LI&size=0.10000000000000002%2C0.10000000000000002&projection=Tan&coordinates=J2000.0&requestID=skv1551877430117&return=FITS
320.021,-7.89725,I,0.994329,https://skyview.gsfc.nasa.gov/cgi-bin/images?position=320.02083999999996%2C-7.89725&survey=first&pixels=300%2C300&sampler=LI&size=0.10000000000000002%2C0.10000000000000002&projection=Tan&coordinates=J2000.0&requestID=skv1551877458661&return=FITS
325.664,-8.07328,I,0.994505,https://skyview.gsfc.nasa.gov/cgi-bin/images?position=325.66371000000004%2C-8.07328&survey=first&pixels=300%2C300&sampler=LI&size=0.10000000000000002%2C0.10000000000000002&projection=Tan&coordinates=J2000.0&requestID=skv1551877487105&return=FITS
337.93,-8.40881,I,1,https://skyview.gsfc.nasa.gov/cgi-bin/images?position=337.92997%2C-8.40881&survey=first&pixels=300%2C300&sampler=LI&size=0.10000000000000002%2C0.10000000000000002&projection=Tan&coordinates=J2000.0&requestID=skv1551877512327&return=FITS
356.76,-1.05027,I,0.999813,https://skyview.gsfc.nasa.gov/cgi-bin/images?position=356.76011%2C-1.05027&survey=first&pixels=300%2C300&sampler=LI&size=0.10000000000000002%2C0.10000000000000002&projection=Tan&coordinates=J2000.0&requestID=skv1551877530879&return=FITS
